symbol,market,country,enabled
A,XNYS,US,true
AAPL,XNYS,US,true
ABBV,XNYS,US,true
ABNB,XNYS,US,true
ABT,XNYS,US,true
ACGL,XNYS,US,true
ACN,XNYS,US,true
ADBE,XNYS,US,true
ADI,XNYS,US,true
ADM,XNYS,US,true
ADP,XNYS,US,true
ADSK,XNYS,US,true
AEE,XNYS,US,true
AEP,XNYS,US,true
AES,XNYS,US,true
AFL,XNYS,US,true
AIG,XNYS,US,true
AIZ,XNYS,US,true
AJG,XNYS,US,true
AKAM,XNYS,US,true
ALB,XNYS,US,true
ALGN,XNYS,US,true
ALL,XNYS,US,true
ALLE,XNYS,US,true
AMAT,XNYS,US,true
AMCR,XNYS,US,true
AMD,XNYS,US,true
AME,XNYS,US,true
AMGN,XNYS,US,true
AMP,XNYS,US,true
AMT,XNYS,US,true
AMZN,XNYS,US,true
ANET,XNYS,US,true
AON,XNYS,US,true
AOS,XNYS,US,true
APA,XNYS,US,true
APD,XNYS,US,true
APH,XNYS,US,true
APO,XNYS,US,true
APP,XNYS,US,true
APTV,XNYS,US,true
ARE,XNYS,US,true
ARES,XNYS,US,true
ATO,XNYS,US,true
AVB,XNYS,US,true
AVGO,XNYS,US,true
AVY,XNYS,US,true
AWK,XNYS,US,true
AXON,XNYS,US,true
AXP,XNYS,US,true
AZO,XNYS,US,true
BA,XNYS,US,true
BAC,XNYS,US,true
BALL,XNYS,US,true
BAX,XNYS,US,true
BBY,XNYS,US,true
BDX,XNYS,US,true
BEN,XNYS,US,true
BF-B,XNYS,US,true
BG,XNYS,US,true
BIIB,XNYS,US,true
BKNG,XNYS,US,true
BKR,XNYS,US,true
BLDR,XNYS,US,true
BLK,XNYS,US,true
BMY,XNYS,US,true
BNY,XNYS,US,true
BR,XNYS,US,true
BRK-B,XNYS,US,true
BRO,XNYS,US,true
BSX,XNYS,US,true
BX,XNYS,US,true
BXP,XNYS,US,true
C,XNYS,US,true
CAH,XNYS,US,true
CARR,XNYS,US,true
CASY,XNYS,US,true
CAT,XNYS,US,true
CB,XNYS,US,true
CBOE,XNYS,US,true
CBRE,XNYS,US,true
CCI,XNYS,US,true
CCL,XNYS,US,true
CDNS,XNYS,US,true
CDW,XNYS,US,true
CEG,XNYS,US,true
CF,XNYS,US,true
CFG,XNYS,US,true
CHD,XNYS,US,true
CHRW,XNYS,US,true
CHTR,XNYS,US,true
CI,XNYS,US,true
CIEN,XNYS,US,true
CINF,XNYS,US,true
CL,XNYS,US,true
CLX,XNYS,US,true
CMCSA,XNYS,US,true
CME,XNYS,US,true
CMG,XNYS,US,true
CMI,XNYS,US,true
CMS,XNYS,US,true
CNC,XNYS,US,true
CNP,XNYS,US,true
COF,XNYS,US,true
COHR,XNYS,US,true
COIN,XNYS,US,true
COO,XNYS,US,true
COP,XNYS,US,true
COR,XNYS,US,true
COST,XNYS,US,true
CPAY,XNYS,US,true
CPRT,XNYS,US,true
CPT,XNYS,US,true
CRH,XNYS,US,true
CRL,XNYS,US,true
CRM,XNYS,US,true
CRWD,XNYS,US,true
CSCO,XNYS,US,true
CSGP,XNYS,US,true
CSX,XNYS,US,true
CTAS,XNYS,US,true
CTSH,XNYS,US,true
CTVA,XNYS,US,true
CVNA,XNYS,US,true
CVS,XNYS,US,true
CVX,XNYS,US,true
D,XNYS,US,true
DAL,XNYS,US,true
DASH,XNYS,US,true
DD,XNYS,US,true
DDOG,XNYS,US,true
DE,XNYS,US,true
DECK,XNYS,US,true
DELL,XNYS,US,true
DG,XNYS,US,true
DGX,XNYS,US,true
DHI,XNYS,US,true
DHR,XNYS,US,true
DIS,XNYS,US,true
DLR,XNYS,US,true
DLTR,XNYS,US,true
DOC,XNYS,US,true
DOV,XNYS,US,true
DOW,XNYS,US,true
DPZ,XNYS,US,true
DRI,XNYS,US,true
DTE,XNYS,US,true
DUK,XNYS,US,true
DVA,XNYS,US,true
DVN,XNYS,US,true
DXCM,XNYS,US,true
EA,XNYS,US,true
EBAY,XNYS,US,true
ECHO,XNYS,US,true
ECL,XNYS,US,true
ED,XNYS,US,true
EFX,XNYS,US,true
EG,XNYS,US,true
EIX,XNYS,US,true
EL,XNYS,US,true
ELV,XNYS,US,true
EME,XNYS,US,true
EMR,XNYS,US,true
EOG,XNYS,US,true
EQIX,XNYS,US,true
EQR,XNYS,US,true
EQT,XNYS,US,true
ERIE,XNYS,US,true
ES,XNYS,US,true
ESS,XNYS,US,true
ETN,XNYS,US,true
ETR,XNYS,US,true
EVRG,XNYS,US,true
EW,XNYS,US,true
EXC,XNYS,US,true
EXE,XNYS,US,true
EXPD,XNYS,US,true
EXPE,XNYS,US,true
EXR,XNYS,US,true
F,XNYS,US,true
FANG,XNYS,US,true
FAST,XNYS,US,true
FCX,XNYS,US,true
FDS,XNYS,US,true
FDX,XNYS,US,true
FDXF,XNYS,US,true
FE,XNYS,US,true
FFIV,XNYS,US,true
FICO,XNYS,US,true
FIS,XNYS,US,true
FISV,XNYS,US,true
FITB,XNYS,US,true
FIX,XNYS,US,true
FLEX,XNYS,US,true
FOX,XNYS,US,true
FOXA,XNYS,US,true
FRT,XNYS,US,true
FSLR,XNYS,US,true
FTNT,XNYS,US,true
FTV,XNYS,US,true
GD,XNYS,US,true
GDDY,XNYS,US,true
GE,XNYS,US,true
GEHC,XNYS,US,true
GEN,XNYS,US,true
GEV,XNYS,US,true
GILD,XNYS,US,true
GIS,XNYS,US,true
GL,XNYS,US,true
GLW,XNYS,US,true
GM,XNYS,US,true
GNRC,XNYS,US,true
GOOG,XNYS,US,true
GOOGL,XNYS,US,true
GPC,XNYS,US,true
GPN,XNYS,US,true
GRMN,XNYS,US,true
GS,XNYS,US,true
GWW,XNYS,US,true
HAL,XNYS,US,true
HAS,XNYS,US,true
HBAN,XNYS,US,true
HCA,XNYS,US,true
HD,XNYS,US,true
HIG,XNYS,US,true
HII,XNYS,US,true
HLT,XNYS,US,true
HON,XNYS,US,true
HONA,XNYS,US,true
HOOD,XNYS,US,true
HPE,XNYS,US,true
HPQ,XNYS,US,true
HRL,XNYS,US,true
HSIC,XNYS,US,true
HST,XNYS,US,true
HSY,XNYS,US,true
HUBB,XNYS,US,true
HUM,XNYS,US,true
HWM,XNYS,US,true
IBKR,XNYS,US,true
IBM,XNYS,US,true
ICE,XNYS,US,true
IDXX,XNYS,US,true
IEX,XNYS,US,true
IFF,XNYS,US,true
INCY,XNYS,US,true
INTC,XNYS,US,true
INTU,XNYS,US,true
INVH,XNYS,US,true
IP,XNYS,US,true
IQV,XNYS,US,true
IR,XNYS,US,true
IRM,XNYS,US,true
ISRG,XNYS,US,true
IT,XNYS,US,true
ITW,XNYS,US,true
IVZ,XNYS,US,true
J,XNYS,US,true
JBHT,XNYS,US,true
JBL,XNYS,US,true
JCI,XNYS,US,true
JKHY,XNYS,US,true
JNJ,XNYS,US,true
JPM,XNYS,US,true
KDP,XNYS,US,true
KEY,XNYS,US,true
KEYS,XNYS,US,true
KHC,XNYS,US,true
KIM,XNYS,US,true
KKR,XNYS,US,true
KLAC,XNYS,US,true
KMB,XNYS,US,true
KMI,XNYS,US,true
KO,XNYS,US,true
KR,XNYS,US,true
KVUE,XNYS,US,true
L,XNYS,US,true
LDOS,XNYS,US,true
LEN,XNYS,US,true
LH,XNYS,US,true
LHX,XNYS,US,true
LII,XNYS,US,true
LIN,XNYS,US,true
LITE,XNYS,US,true
LLY,XNYS,US,true
LMT,XNYS,US,true
LNT,XNYS,US,true
LOW,XNYS,US,true
LRCX,XNYS,US,true
LULU,XNYS,US,true
LUV,XNYS,US,true
LVS,XNYS,US,true
LYB,XNYS,US,true
LYV,XNYS,US,true
MA,XNYS,US,true
MAA,XNYS,US,true
MAR,XNYS,US,true
MAS,XNYS,US,true
MCD,XNYS,US,true
MCHP,XNYS,US,true
MCK,XNYS,US,true
MCO,XNYS,US,true
MDLZ,XNYS,US,true
MDT,XNYS,US,true
MET,XNYS,US,true
META,XNYS,US,true
MGM,XNYS,US,true
MKC,XNYS,US,true
MLM,XNYS,US,true
MMM,XNYS,US,true
MNST,XNYS,US,true
MO,XNYS,US,true
MOS,XNYS,US,true
MPC,XNYS,US,true
MPWR,XNYS,US,true
MRK,XNYS,US,true
MRNA,XNYS,US,true
MRSH,XNYS,US,true
MRVL,XNYS,US,true
MS,XNYS,US,true
MSCI,XNYS,US,true
MSFT,XNYS,US,true
MSI,XNYS,US,true
MTB,XNYS,US,true
MTD,XNYS,US,true
MU,XNYS,US,true
NCLH,XNYS,US,true
NDAQ,XNYS,US,true
NDSN,XNYS,US,true
NEE,XNYS,US,true
NEM,XNYS,US,true
NFLX,XNYS,US,true
NI,XNYS,US,true
NKE,XNYS,US,true
NOC,XNYS,US,true
NOW,XNYS,US,true
NRG,XNYS,US,true
NSC,XNYS,US,true
NTAP,XNYS,US,true
NTRS,XNYS,US,true
NUE,XNYS,US,true
NVDA,XNYS,US,true
NVR,XNYS,US,true
NWS,XNYS,US,true
NWSA,XNYS,US,true
NXPI,XNYS,US,true
O,XNYS,US,true
ODFL,XNYS,US,true
OKE,XNYS,US,true
OMC,XNYS,US,true
ON,XNYS,US,true
ORCL,XNYS,US,true
ORLY,XNYS,US,true
OTIS,XNYS,US,true
OXY,XNYS,US,true
PANW,XNYS,US,true
PAYX,XNYS,US,true
PCAR,XNYS,US,true
PCG,XNYS,US,true
PEG,XNYS,US,true
PEP,XNYS,US,true
PFE,XNYS,US,true
PFG,XNYS,US,true
PG,XNYS,US,true
PGR,XNYS,US,true
PH,XNYS,US,true
PHM,XNYS,US,true
PKG,XNYS,US,true
PLD,XNYS,US,true
PLTR,XNYS,US,true
PM,XNYS,US,true
PNC,XNYS,US,true
PNR,XNYS,US,true
PNW,XNYS,US,true
PODD,XNYS,US,true
PPG,XNYS,US,true
PPL,XNYS,US,true
PRU,XNYS,US,true
PSA,XNYS,US,true
PSKY,XNYS,US,true
PSX,XNYS,US,true
PTC,XNYS,US,true
PWR,XNYS,US,true
PYPL,XNYS,US,true
Q,XNYS,US,true
QCOM,XNYS,US,true
RCL,XNYS,US,true
REG,XNYS,US,true
REGN,XNYS,US,true
RF,XNYS,US,true
RJF,XNYS,US,true
RL,XNYS,US,true
RMD,XNYS,US,true
ROK,XNYS,US,true
ROL,XNYS,US,true
ROP,XNYS,US,true
ROST,XNYS,US,true
RSG,XNYS,US,true
RTX,XNYS,US,true
RVTY,XNYS,US,true
SBAC,XNYS,US,true
SBUX,XNYS,US,true
SCHW,XNYS,US,true
SHW,XNYS,US,true
SJM,XNYS,US,true
SLB,XNYS,US,true
SMCI,XNYS,US,true
SNA,XNYS,US,true
SNDK,XNYS,US,true
SNPS,XNYS,US,true
SO,XNYS,US,true
SOLV,XNYS,US,true
SPG,XNYS,US,true
SPGI,XNYS,US,true
SRE,XNYS,US,true
STE,XNYS,US,true
STLD,XNYS,US,true
STT,XNYS,US,true
STX,XNYS,US,true
STZ,XNYS,US,true
SW,XNYS,US,true
SWK,XNYS,US,true
SWKS,XNYS,US,true
SYF,XNYS,US,true
SYK,XNYS,US,true
SYY,XNYS,US,true
T,XNYS,US,true
TAP,XNYS,US,true
TDG,XNYS,US,true
TDY,XNYS,US,true
TECH,XNYS,US,true
TEL,XNYS,US,true
TER,XNYS,US,true
TFC,XNYS,US,true
TGT,XNYS,US,true
TJX,XNYS,US,true
TKO,XNYS,US,true
TMO,XNYS,US,true
TMUS,XNYS,US,true
TPL,XNYS,US,true
TPR,XNYS,US,true
TRGP,XNYS,US,true
TRMB,XNYS,US,true
TROW,XNYS,US,true
TRV,XNYS,US,true
TSCO,XNYS,US,true
TSLA,XNYS,US,true
TSN,XNYS,US,true
TT,XNYS,US,true
TTD,XNYS,US,true
TTWO,XNYS,US,true
TXN,XNYS,US,true
TXT,XNYS,US,true
TYL,XNYS,US,true
UAL,XNYS,US,true
UBER,XNYS,US,true
UDR,XNYS,US,true
UHS,XNYS,US,true
ULTA,XNYS,US,true
UNH,XNYS,US,true
UNP,XNYS,US,true
UPS,XNYS,US,true
URI,XNYS,US,true
USB,XNYS,US,true
V,XNYS,US,true
VEEV,XNYS,US,true
VICI,XNYS,US,true
VLO,XNYS,US,true
VLTO,XNYS,US,true
VMC,XNYS,US,true
VRSK,XNYS,US,true
VRSN,XNYS,US,true
VRT,XNYS,US,true
VRTX,XNYS,US,true
VST,XNYS,US,true
VTR,XNYS,US,true
VTRS,XNYS,US,true
VZ,XNYS,US,true
WAB,XNYS,US,true
WAT,XNYS,US,true
WBD,XNYS,US,true
WDAY,XNYS,US,true
WDC,XNYS,US,true
WEC,XNYS,US,true
WELL,XNYS,US,true
WFC,XNYS,US,true
WM,XNYS,US,true
WMB,XNYS,US,true
WMT,XNYS,US,true
WRB,XNYS,US,true
WSM,XNYS,US,true
WST,XNYS,US,true
WTW,XNYS,US,true
WY,XNYS,US,true
WYNN,XNYS,US,true
XEL,XNYS,US,true
XOM,XNYS,US,true
XYL,XNYS,US,true
XYZ,XNYS,US,true
YUM,XNYS,US,true
ZBH,XNYS,US,true
ZBRA,XNYS,US,true
ZTS,XNYS,US,true
AA,XNYS,US,true
AAL,XNYS,US,true
AAON,XNYS,US,true
ACI,XNYS,US,true
ACM,XNYS,US,true
ADC,XNYS,US,true
AEIS,XNYS,US,true
AFG,XNYS,US,true
AGCO,XNYS,US,true
AHR,XNYS,US,true
AIT,XNYS,US,true
ALGM,XNYS,US,true
ALK,XNYS,US,true
ALLY,XNYS,US,true
ALSN,XNYS,US,true
ALV,XNYS,US,true
AM,XNYS,US,true
AMG,XNYS,US,true
AMH,XNYS,US,true
AMKR,XNYS,US,true
AN,XNYS,US,true
ANF,XNYS,US,true
APG,XNYS,US,true
APPF,XNYS,US,true
AR,XNYS,US,true
ARMK,XNYS,US,true
ARW,XNYS,US,true
ARWR,XNYS,US,true
ASB,XNYS,US,true
ASH,XNYS,US,true
ATI,XNYS,US,true
ATR,XNYS,US,true
AVAV,XNYS,US,true
AVNT,XNYS,US,true
AVT,XNYS,US,true
AVTR,XNYS,US,true
AXTA,XNYS,US,true
AYI,XNYS,US,true
BAH,XNYS,US,true
BBWI,XNYS,US,true
BC,XNYS,US,true
BCO,XNYS,US,true
BDC,XNYS,US,true
BHF,XNYS,US,true
BILL,XNYS,US,true
BIO,XNYS,US,true
BJ,XNYS,US,true
BKH,XNYS,US,true
BLD,XNYS,US,true
BMRN,XNYS,US,true
BRKR,XNYS,US,true
BROS,XNYS,US,true
BRX,XNYS,US,true
BSY,XNYS,US,true
BURL,XNYS,US,true
BWA,XNYS,US,true
BWXT,XNYS,US,true
BYD,XNYS,US,true
CACI,XNYS,US,true
CAR,XNYS,US,true
CART,XNYS,US,true
CAVA,XNYS,US,true
CBSH,XNYS,US,true
CBT,XNYS,US,true
CCK,XNYS,US,true
CDE,XNYS,US,true
CDP,XNYS,US,true
CELH,XNYS,US,true
CFR,XNYS,US,true
CG,XNYS,US,true
CGNX,XNYS,US,true
CHDN,XNYS,US,true
CHE,XNYS,US,true
CHH,XNYS,US,true
CHRD,XNYS,US,true
CHWY,XNYS,US,true
CLF,XNYS,US,true
CLH,XNYS,US,true
CMC,XNYS,US,true
CNH,XNYS,US,true
CNM,XNYS,US,true
CNO,XNYS,US,true
CNX,XNYS,US,true
COKE,XNYS,US,true
COLB,XNYS,US,true
COLM,XNYS,US,true
CPRI,XNYS,US,true
CR,XNYS,US,true
CRBG,XNYS,US,true
CROX,XNYS,US,true
CRS,XNYS,US,true
CRUS,XNYS,US,true
CSL,XNYS,US,true
CTRE,XNYS,US,true
CUBE,XNYS,US,true
CUZ,XNYS,US,true
CVLT,XNYS,US,true
CW,XNYS,US,true
CXT,XNYS,US,true
CYTK,XNYS,US,true
DAR,XNYS,US,true
DBX,XNYS,US,true
DCI,XNYS,US,true
DINO,XNYS,US,true
DKS,XNYS,US,true
DLB,XNYS,US,true
DOCN,XNYS,US,true
DOCS,XNYS,US,true
DOCU,XNYS,US,true
DT,XNYS,US,true
DTM,XNYS,US,true
DUOL,XNYS,US,true
DY,XNYS,US,true
EEFT,XNYS,US,true
EGP,XNYS,US,true
EHC,XNYS,US,true
ELAN,XNYS,US,true
ELF,XNYS,US,true
ELS,XNYS,US,true
ENS,XNYS,US,true
ENSG,XNYS,US,true
ENTG,XNYS,US,true
EPR,XNYS,US,true
EQH,XNYS,US,true
ESAB,XNYS,US,true
ESNT,XNYS,US,true
EVR,XNYS,US,true
EWBC,XNYS,US,true
EXEL,XNYS,US,true
EXLS,XNYS,US,true
EXP,XNYS,US,true
EXPO,XNYS,US,true
FAF,XNYS,US,true
FBIN,XNYS,US,true
FCFS,XNYS,US,true
FCN,XNYS,US,true
FFIN,XNYS,US,true
FHI,XNYS,US,true
FHN,XNYS,US,true
FIVE,XNYS,US,true
FLG,XNYS,US,true
FLR,XNYS,US,true
FLS,XNYS,US,true
FN,XNYS,US,true
FNB,XNYS,US,true
FND,XNYS,US,true
FNF,XNYS,US,true
FOUR,XNYS,US,true
FR,XNYS,US,true
FTI,XNYS,US,true
G,XNYS,US,true
GAP,XNYS,US,true
GATX,XNYS,US,true
GBCI,XNYS,US,true
GEF,XNYS,US,true
GGG,XNYS,US,true
GHC,XNYS,US,true
GLPI,XNYS,US,true
GME,XNYS,US,true
GMED,XNYS,US,true
GNTX,XNYS,US,true
GPK,XNYS,US,true
GTLS,XNYS,US,true
GWRE,XNYS,US,true
GXO,XNYS,US,true
H,XNYS,US,true
HAE,XNYS,US,true
HALO,XNYS,US,true
HGV,XNYS,US,true
HIMS,XNYS,US,true
HL,XNYS,US,true
HLI,XNYS,US,true
HLNE,XNYS,US,true
HOG,XNYS,US,true
HOMB,XNYS,US,true
HQY,XNYS,US,true
HR,XNYS,US,true
HRB,XNYS,US,true
HWC,XNYS,US,true
HXL,XNYS,US,true
IBOC,XNYS,US,true
IDA,XNYS,US,true
IDCC,XNYS,US,true
ILMN,XNYS,US,true
INGR,XNYS,US,true
IPGP,XNYS,US,true
IRT,XNYS,US,true
ITT,XNYS,US,true
JAZZ,XNYS,US,true
JEF,XNYS,US,true
JHG,XNYS,US,true
JLL,XNYS,US,true
KBH,XNYS,US,true
KBR,XNYS,US,true
KD,XNYS,US,true
KEX,XNYS,US,true
KNF,XNYS,US,true
KNSL,XNYS,US,true
KNX,XNYS,US,true
KRC,XNYS,US,true
KRG,XNYS,US,true
KTOS,XNYS,US,true
LAD,XNYS,US,true
LAMR,XNYS,US,true
LEA,XNYS,US,true
LECO,XNYS,US,true
LFUS,XNYS,US,true
LIVN,XNYS,US,true
LNTH,XNYS,US,true
LOPE,XNYS,US,true
LPX,XNYS,US,true
LSCC,XNYS,US,true
LSTR,XNYS,US,true
M,XNYS,US,true
MANH,XNYS,US,true
MAT,XNYS,US,true
MEDP,XNYS,US,true
MIDD,XNYS,US,true
MKSI,XNYS,US,true
MLI,XNYS,US,true
MMS,XNYS,US,true
MOG-A,XNYS,US,true
MORN,XNYS,US,true
MP,XNYS,US,true
MSA,XNYS,US,true
MSM,XNYS,US,true
MTDR,XNYS,US,true
MTG,XNYS,US,true
MTN,XNYS,US,true
MTSI,XNYS,US,true
MTZ,XNYS,US,true
MUR,XNYS,US,true
MUSA,XNYS,US,true
MZTI,XNYS,US,true
NBIX,XNYS,US,true
NEU,XNYS,US,true
NFG,XNYS,US,true
NJR,XNYS,US,true
NLY,XNYS,US,true
NNN,XNYS,US,true
NOV,XNYS,US,true
NOVT,XNYS,US,true
NSA,XNYS,US,true
NTNX,XNYS,US,true
NVST,XNYS,US,true
NVT,XNYS,US,true
NWE,XNYS,US,true
NXST,XNYS,US,true
NXT,XNYS,US,true
NYT,XNYS,US,true
OC,XNYS,US,true
OGE,XNYS,US,true
OGS,XNYS,US,true
OHI,XNYS,US,true
OKTA,XNYS,US,true
OLED,XNYS,US,true
OLLI,XNYS,US,true
OLN,XNYS,US,true
ONB,XNYS,US,true
ONTO,XNYS,US,true
OPCH,XNYS,US,true
ORA,XNYS,US,true
ORI,XNYS,US,true
OSK,XNYS,US,true
OVV,XNYS,US,true
OZK,XNYS,US,true
P,XNYS,US,true
PAG,XNYS,US,true
PATH,XNYS,US,true
PB,XNYS,US,true
PBF,XNYS,US,true
PCTY,XNYS,US,true
PEGA,XNYS,US,true
PEN,XNYS,US,true
PFGC,XNYS,US,true
PII,XNYS,US,true
PINS,XNYS,US,true
PK,XNYS,US,true
PLNT,XNYS,US,true
PNFP,XNYS,US,true
POR,XNYS,US,true
POST,XNYS,US,true
PPC,XNYS,US,true
PR,XNYS,US,true
PRI,XNYS,US,true
PSN,XNYS,US,true
PVH,XNYS,US,true
QLYS,XNYS,US,true
R,XNYS,US,true
RBA,XNYS,US,true
RBC,XNYS,US,true
REXR,XNYS,US,true
RGA,XNYS,US,true
RGEN,XNYS,US,true
RGLD,XNYS,US,true
RH,XNYS,US,true
RLI,XNYS,US,true
RMBS,XNYS,US,true
RNR,XNYS,US,true
ROIV,XNYS,US,true
ROKU,XNYS,US,true
RPM,XNYS,US,true
RRC,XNYS,US,true
RRX,XNYS,US,true
RS,XNYS,US,true
RYAN,XNYS,US,true
RYN,XNYS,US,true
SAIA,XNYS,US,true
SAIC,XNYS,US,true
SAM,XNYS,US,true
SANM,XNYS,US,true
SARO,XNYS,US,true
SBRA,XNYS,US,true
SCI,XNYS,US,true
SEIC,XNYS,US,true
SF,XNYS,US,true
SFM,XNYS,US,true
SGI,XNYS,US,true
SHC,XNYS,US,true
SIGI,XNYS,US,true
SIRI,XNYS,US,true
SITM,XNYS,US,true
SLAB,XNYS,US,true
SLGN,XNYS,US,true
SLM,XNYS,US,true
SMG,XNYS,US,true
SMTC,XNYS,US,true
SN,XNYS,US,true
SNX,XNYS,US,true
SOLS,XNYS,US,true
SON,XNYS,US,true
SPXC,XNYS,US,true
SR,XNYS,US,true
SSB,XNYS,US,true
SSD,XNYS,US,true
ST,XNYS,US,true
STAG,XNYS,US,true
STRL,XNYS,US,true
STWD,XNYS,US,true
SWX,XNYS,US,true
SYNA,XNYS,US,true
TCBI,XNYS,US,true
TEX,XNYS,US,true
THC,XNYS,US,true
THG,XNYS,US,true
THO,XNYS,US,true
TKR,XNYS,US,true
TLN,XNYS,US,true
TMHC,XNYS,US,true
TNL,XNYS,US,true
TOL,XNYS,US,true
TREX,XNYS,US,true
TRU,XNYS,US,true
TTC,XNYS,US,true
TTEK,XNYS,US,true
TTMI,XNYS,US,true
TWLO,XNYS,US,true
TXNM,XNYS,US,true
TXRH,XNYS,US,true
UBSI,XNYS,US,true
UFPI,XNYS,US,true
UGI,XNYS,US,true
ULS,XNYS,US,true
UMBF,XNYS,US,true
UNM,XNYS,US,true
USFD,XNYS,US,true
UTHR,XNYS,US,true
VAL,XNYS,US,true
VC,XNYS,US,true
VFC,XNYS,US,true
VIAV,XNYS,US,true
VICR,XNYS,US,true
VLY,XNYS,US,true
VMI,XNYS,US,true
VNO,XNYS,US,true
VNOM,XNYS,US,true
VNT,XNYS,US,true
VOYA,XNYS,US,true
VVV,XNYS,US,true
WAL,XNYS,US,true
WBS,XNYS,US,true
WCC,XNYS,US,true
WEX,XNYS,US,true
WFRD,XNYS,US,true
WH,XNYS,US,true
WHR,XNYS,US,true
WING,XNYS,US,true
WLK,XNYS,US,true
WMG,XNYS,US,true
WMS,XNYS,US,true
WPC,XNYS,US,true
WSO,XNYS,US,true
WTFC,XNYS,US,true
WTRG,XNYS,US,true
WTS,XNYS,US,true
WWD,XNYS,US,true
XPO,XNYS,US,true
XRAY,XNYS,US,true
YETI,XNYS,US,true
ZION,XNYS,US,true
AAMI,XNYS,US,true
AAP,XNYS,US,true
AAT,XNYS,US,true
ABCB,XNYS,US,true
ABG,XNYS,US,true
ABM,XNYS,US,true
ABR,XNYS,US,true
ACA,XNYS,US,true
ACAD,XNYS,US,true
ACHC,XNYS,US,true
ACIW,XNYS,US,true
ACLS,XNYS,US,true
ACMR,XNYS,US,true
ACT,XNYS,US,true
ADAM,XNYS,US,true
ADEA,XNYS,US,true
ADMA,XNYS,US,true
ADNT,XNYS,US,true
ADT,XNYS,US,true
ADUS,XNYS,US,true
AEO,XNYS,US,true
AESI,XNYS,US,true
AGNT,XNYS,US,true
AGO,XNYS,US,true
AGX,XNYS,US,true
AGYS,XNYS,US,true
AHCO,XNYS,US,true
AIN,XNYS,US,true
AIR,XNYS,US,true
AKR,XNYS,US,true
ALG,XNYS,US,true
ALGT,XNYS,US,true
ALHC,XNYS,US,true
ALKS,XNYS,US,true
ALRM,XNYS,US,true
AMN,XNYS,US,true
AMPH,XNYS,US,true
AMR,XNYS,US,true
AMRX,XNYS,US,true
AMSF,XNYS,US,true
AMTM,XNYS,US,true
ANDE,XNYS,US,true
ANIP,XNYS,US,true
AORT,XNYS,US,true
AOSL,XNYS,US,true
APAM,XNYS,US,true
APLE,XNYS,US,true
APOG,XNYS,US,true
ARCB,XNYS,US,true
ARLO,XNYS,US,true
AROC,XNYS,US,true
ARR,XNYS,US,true
ASO,XNYS,US,true
ASTE,XNYS,US,true
ASTH,XNYS,US,true
ATEN,XNYS,US,true
ATMU,XNYS,US,true
AUB,XNYS,US,true
AVA,XNYS,US,true
AVNS,XNYS,US,true
AWI,XNYS,US,true
AWR,XNYS,US,true
AX,XNYS,US,true
AZTA,XNYS,US,true
AZZ,XNYS,US,true
BANC,XNYS,US,true
BANF,XNYS,US,true
BANR,XNYS,US,true
BBT,XNYS,US,true
BCC,XNYS,US,true
BCPC,XNYS,US,true
BFAM,XNYS,US,true
BFH,XNYS,US,true
BFS,XNYS,US,true
BGC,XNYS,US,true
BHE,XNYS,US,true
BJRI,XNYS,US,true
BKE,XNYS,US,true
BKU,XNYS,US,true
BL,XNYS,US,true
BLFS,XNYS,US,true
BLKB,XNYS,US,true
BMI,XNYS,US,true
BNL,XNYS,US,true
BOH,XNYS,US,true
BOOT,XNYS,US,true
BOX,XNYS,US,true
BRC,XNYS,US,true
BTSG,XNYS,US,true
BTU,XNYS,US,true
BXMT,XNYS,US,true
CACC,XNYS,US,true
CAG,XNYS,US,true
CAKE,XNYS,US,true
CALM,XNYS,US,true
CALX,XNYS,US,true
CALY,XNYS,US,true
CARG,XNYS,US,true
CASH,XNYS,US,true
CATY,XNYS,US,true
CBRL,XNYS,US,true
CBU,XNYS,US,true
CC,XNYS,US,true
CCOI,XNYS,US,true
CCS,XNYS,US,true
CE,XNYS,US,true
CENT,XNYS,US,true
CENTA,XNYS,US,true
CENX,XNYS,US,true
CERT,XNYS,US,true
CFFN,XNYS,US,true
CHCO,XNYS,US,true
CHEF,XNYS,US,true
CLSK,XNYS,US,true
CNK,XNYS,US,true
CNMD,XNYS,US,true
CNR,XNYS,US,true
CNS,XNYS,US,true
CNXC,XNYS,US,true
CNXN,XNYS,US,true
COCO,XNYS,US,true
COHU,XNYS,US,true
COLL,XNYS,US,true
CON,XNYS,US,true
CORT,XNYS,US,true
COTY,XNYS,US,true
CPF,XNYS,US,true
CPK,XNYS,US,true
CPRX,XNYS,US,true
CRC,XNYS,US,true
CRGY,XNYS,US,true
CRI,XNYS,US,true
CRK,XNYS,US,true
CRSR,XNYS,US,true
CRVL,XNYS,US,true
CSR,XNYS,US,true
CSW,XNYS,US,true
CTS,XNYS,US,true
CUBI,XNYS,US,true
CURB,XNYS,US,true
CVBF,XNYS,US,true
CVCO,XNYS,US,true
CVI,XNYS,US,true
CVSA,XNYS,US,true
CWEN,XNYS,US,true
CWEN-A,XNYS,US,true
CWK,XNYS,US,true
CWST,XNYS,US,true
CWT,XNYS,US,true
CXM,XNYS,US,true
CXW,XNYS,US,true
CZR,XNYS,US,true
DAN,XNYS,US,true
DAVE,XNYS,US,true
DBD,XNYS,US,true
DCH,XNYS,US,true
DCOM,XNYS,US,true
DEA,XNYS,US,true
DEI,XNYS,US,true
DFH,XNYS,US,true
DFIN,XNYS,US,true
DGII,XNYS,US,true
DIOD,XNYS,US,true
DLX,XNYS,US,true
DMC,XNYS,US,true
DNOW,XNYS,US,true
DORM,XNYS,US,true
DRH,XNYS,US,true
DV,XNYS,US,true
DXC,XNYS,US,true
DXPE,XNYS,US,true
EAT,XNYS,US,true
EBC,XNYS,US,true
ECG,XNYS,US,true
ECPG,XNYS,US,true
EFC,XNYS,US,true
EFOR,XNYS,US,true
EGBN,XNYS,US,true
EIG,XNYS,US,true
EMN,XNYS,US,true
ENOV,XNYS,US,true
ENPH,XNYS,US,true
ENR,XNYS,US,true
ENVA,XNYS,US,true
EPAC,XNYS,US,true
EPAM,XNYS,US,true
EPC,XNYS,US,true
EPRT,XNYS,US,true
ESE,XNYS,US,true
ESI,XNYS,US,true
ETSY,XNYS,US,true
EVTC,XNYS,US,true
EXTR,XNYS,US,true
EYE,XNYS,US,true
EZPW,XNYS,US,true
FA,XNYS,US,true
FBK,XNYS,US,true
FBNC,XNYS,US,true
FBP,XNYS,US,true
FBRT,XNYS,US,true
FCF,XNYS,US,true
FCPT,XNYS,US,true
FELE,XNYS,US,true
FFBC,XNYS,US,true
FG,XNYS,US,true
FHB,XNYS,US,true
FIBK,XNYS,US,true
FIZZ,XNYS,US,true
FLO,XNYS,US,true
FMC,XNYS,US,true
FORM,XNYS,US,true
FOXF,XNYS,US,true
FRPT,XNYS,US,true
FSS,XNYS,US,true
FTDR,XNYS,US,true
FTRE,XNYS,US,true
FUL,XNYS,US,true
FULT,XNYS,US,true
FUN,XNYS,US,true
GBX,XNYS,US,true
GEO,XNYS,US,true
GFF,XNYS,US,true
GIII,XNYS,US,true
GKOS,XNYS,US,true
GNL,XNYS,US,true
GNW,XNYS,US,true
GO,XNYS,US,true
GOLF,XNYS,US,true
GPI,XNYS,US,true
GPOR,XNYS,US,true
GRBK,XNYS,US,true
GSHD,XNYS,US,true
GT,XNYS,US,true
GTES,XNYS,US,true
GTM,XNYS,US,true
GTY,XNYS,US,true
GVA,XNYS,US,true
HAFC,XNYS,US,true
HASI,XNYS,US,true
HAYW,XNYS,US,true
HCC,XNYS,US,true
HCI,XNYS,US,true
HCSG,XNYS,US,true
HE,XNYS,US,true
HFWA,XNYS,US,true
HIW,XNYS,US,true
HLIT,XNYS,US,true
HLX,XNYS,US,true
HMN,XNYS,US,true
HNI,XNYS,US,true
HOPE,XNYS,US,true
HP,XNYS,US,true
HRMY,XNYS,US,true
HSTM,XNYS,US,true
HTH,XNYS,US,true
HTLD,XNYS,US,true
HTO,XNYS,US,true
HTZ,XNYS,US,true
HUBG,XNYS,US,true
HWKN,XNYS,US,true
HZO,XNYS,US,true
IART,XNYS,US,true
IBP,XNYS,US,true
ICHR,XNYS,US,true
ICUI,XNYS,US,true
IIPR,XNYS,US,true
INDB,XNYS,US,true
INDV,XNYS,US,true
INSP,XNYS,US,true
INSW,XNYS,US,true
INVA,XNYS,US,true
INVX,XNYS,US,true
IOSP,XNYS,US,true
IPAR,XNYS,US,true
IRDM,XNYS,US,true
ITGR,XNYS,US,true
ITRI,XNYS,US,true
IVT,XNYS,US,true
JBGS,XNYS,US,true
JBLU,XNYS,US,true
JBSS,XNYS,US,true
JBTM,XNYS,US,true
JJSF,XNYS,US,true
JOE,XNYS,US,true
JXN,XNYS,US,true
KAI,XNYS,US,true
KALU,XNYS,US,true
KFY,XNYS,US,true
KGS,XNYS,US,true
KLIC,XNYS,US,true
KMPR,XNYS,US,true
KMT,XNYS,US,true
KMX,XNYS,US,true
KN,XNYS,US,true
KNTK,XNYS,US,true
KOP,XNYS,US,true
KRYS,XNYS,US,true
KSS,XNYS,US,true
KTB,XNYS,US,true
KWR,XNYS,US,true
LAUR,XNYS,US,true
LAZ,XNYS,US,true
LBRT,XNYS,US,true
LCII,XNYS,US,true
LEG,XNYS,US,true
LFST,XNYS,US,true
LGIH,XNYS,US,true
LGND,XNYS,US,true
LIF,XNYS,US,true
LKFN,XNYS,US,true
LKQ,XNYS,US,true
LMAT,XNYS,US,true
LNC,XNYS,US,true
LNN,XNYS,US,true
LPG,XNYS,US,true
LQDA,XNYS,US,true
LQDT,XNYS,US,true
LRN,XNYS,US,true
LTC,XNYS,US,true
LTH,XNYS,US,true
LUMN,XNYS,US,true
LW,XNYS,US,true
LXP,XNYS,US,true
LYFT,XNYS,US,true
LZ,XNYS,US,true
LZB,XNYS,US,true
MAC,XNYS,US,true
MAN,XNYS,US,true
MARA,XNYS,US,true
MATW,XNYS,US,true
MATX,XNYS,US,true
MBC,XNYS,US,true
MBGL,XNYS,US,true
MBIN,XNYS,US,true
MC,XNYS,US,true
MCRI,XNYS,US,true
MCY,XNYS,US,true
MD,XNYS,US,true
MDU,XNYS,US,true
MFP,XNYS,US,true
MGEE,XNYS,US,true
MGY,XNYS,US,true
MHK,XNYS,US,true
MHO,XNYS,US,true
MIR,XNYS,US,true
MKTX,XNYS,US,true
MLKN,XNYS,US,true
MMI,XNYS,US,true
MMSI,XNYS,US,true
MOH,XNYS,US,true
MPT,XNYS,US,true
MRCY,XNYS,US,true
MRP,XNYS,US,true
MRTN,XNYS,US,true
MSEX,XNYS,US,true
MSGS,XNYS,US,true
MTCH,XNYS,US,true
MTH,XNYS,US,true
MTRN,XNYS,US,true
MTUS,XNYS,US,true
MTX,XNYS,US,true
MWA,XNYS,US,true
MXL,XNYS,US,true
MYRG,XNYS,US,true
NABL,XNYS,US,true
NATL,XNYS,US,true
NAVI,XNYS,US,true
NBHC,XNYS,US,true
NBTB,XNYS,US,true
NE,XNYS,US,true
NEO,XNYS,US,true
NEOG,XNYS,US,true
NGVT,XNYS,US,true
NHC,XNYS,US,true
NHI,XNYS,US,true
NIC,XNYS,US,true
NMIH,XNYS,US,true
NOG,XNYS,US,true
NPK,XNYS,US,true
NPO,XNYS,US,true
NSIT,XNYS,US,true
NSP,XNYS,US,true
NSSC,XNYS,US,true
NTCT,XNYS,US,true
NTST,XNYS,US,true
NWBI,XNYS,US,true
NWL,XNYS,US,true
NWN,XNYS,US,true
NX,XNYS,US,true
NXRT,XNYS,US,true
OFG,XNYS,US,true
OGN,XNYS,US,true
OI,XNYS,US,true
OII,XNYS,US,true
OMCL,XNYS,US,true
OPLN,XNYS,US,true
OSIS,XNYS,US,true
OSW,XNYS,US,true
OTTR,XNYS,US,true
OUT,XNYS,US,true
PAHC,XNYS,US,true
PARR,XNYS,US,true
PATK,XNYS,US,true
PAYC,XNYS,US,true
PAYO,XNYS,US,true
PBH,XNYS,US,true
PBI,XNYS,US,true
PCRX,XNYS,US,true
PDFS,XNYS,US,true
PEB,XNYS,US,true
PECO,XNYS,US,true
PENG,XNYS,US,true
PENN,XNYS,US,true
PFBC,XNYS,US,true
PFS,XNYS,US,true
PGNY,XNYS,US,true
PHIN,XNYS,US,true
PI,XNYS,US,true
PIPR,XNYS,US,true
PJT,XNYS,US,true
PLAB,XNYS,US,true
PLMR,XNYS,US,true
PLUS,XNYS,US,true
PLXS,XNYS,US,true
PMT,XNYS,US,true
POOL,XNYS,US,true
POWI,XNYS,US,true
POWL,XNYS,US,true
PPLI,XNYS,US,true
PRDO,XNYS,US,true
PRG,XNYS,US,true
PRGO,XNYS,US,true
PRGS,XNYS,US,true
PRIM,XNYS,US,true
PRK,XNYS,US,true
PRKS,XNYS,US,true
PRLB,XNYS,US,true
PRSU,XNYS,US,true
PRVA,XNYS,US,true
PSMT,XNYS,US,true
PTCT,XNYS,US,true
PTEN,XNYS,US,true
PTGX,XNYS,US,true
PTON,XNYS,US,true
PZZA,XNYS,US,true
QDEL,XNYS,US,true
QNST,XNYS,US,true
QRVO,XNYS,US,true
QTWO,XNYS,US,true
RAL,XNYS,US,true
RAMP,XNYS,US,true
RCUS,XNYS,US,true
RDN,XNYS,US,true
RDNT,XNYS,US,true
RELY,XNYS,US,true
RES,XNYS,US,true
REX,XNYS,US,true
REYN,XNYS,US,true
REZI,XNYS,US,true
RHI,XNYS,US,true
RHP,XNYS,US,true
RITM,XNYS,US,true
RNG,XNYS,US,true
RNST,XNYS,US,true
ROCK,XNYS,US,true
ROG,XNYS,US,true
RRR,XNYS,US,true
RSI,XNYS,US,true
RUN,XNYS,US,true
RUSHA,XNYS,US,true
RXO,XNYS,US,true
SABR,XNYS,US,true
SAFE,XNYS,US,true
SAFT,XNYS,US,true
SAH,XNYS,US,true
SBCF,XNYS,US,true
SBH,XNYS,US,true
SBSI,XNYS,US,true
SCHL,XNYS,US,true
SCL,XNYS,US,true
SCSC,XNYS,US,true
SDGR,XNYS,US,true
SEDG,XNYS,US,true
SEZL,XNYS,US,true
SFBS,XNYS,US,true
SFNC,XNYS,US,true
SHAK,XNYS,US,true
SHEN,XNYS,US,true
SHO,XNYS,US,true
SHOO,XNYS,US,true
SIG,XNYS,US,true
SKT,XNYS,US,true
SKY,XNYS,US,true
SKYW,XNYS,US,true
SLG,XNYS,US,true
SLVM,XNYS,US,true
SM,XNYS,US,true
SMP,XNYS,US,true
SMPL,XNYS,US,true
SNDR,XNYS,US,true
SNEX,XNYS,US,true
SONO,XNYS,US,true
SPHR,XNYS,US,true
SPNT,XNYS,US,true
SPSC,XNYS,US,true
SRPT,XNYS,US,true
STAA,XNYS,US,true
STBA,XNYS,US,true
STC,XNYS,US,true
STEP,XNYS,US,true
STRA,XNYS,US,true
SUPN,XNYS,US,true
SXI,XNYS,US,true
SXT,XNYS,US,true
TALO,XNYS,US,true
TBBK,XNYS,US,true
TDC,XNYS,US,true
TDS,XNYS,US,true
TDW,XNYS,US,true
TFIN,XNYS,US,true
TFX,XNYS,US,true
TGTX,XNYS,US,true
THRM,XNYS,US,true
TILE,XNYS,US,true
TMDX,XNYS,US,true
TMP,XNYS,US,true
TNC,XNYS,US,true
TNDM,XNYS,US,true
TR,XNYS,US,true
TRIP,XNYS,US,true
TRMK,XNYS,US,true
TRN,XNYS,US,true
TRNO,XNYS,US,true
TRST,XNYS,US,true
TRUP,XNYS,US,true
TWO,XNYS,US,true
UA,XNYS,US,true
UAA,XNYS,US,true
UCB,XNYS,US,true
UCTT,XNYS,US,true
UE,XNYS,US,true
UFCS,XNYS,US,true
UFPT,XNYS,US,true
UNF,XNYS,US,true
UNFI,XNYS,US,true
UNIT,XNYS,US,true
UPBD,XNYS,US,true
UPWK,XNYS,US,true
URBN,XNYS,US,true
USLM,XNYS,US,true
USPH,XNYS,US,true
UTI,XNYS,US,true
UTL,XNYS,US,true
UVV,XNYS,US,true
VAC,XNYS,US,true
VCEL,XNYS,US,true
VCTR,XNYS,US,true
VCYT,XNYS,US,true
VECO,XNYS,US,true
VGNT,XNYS,US,true
VIR,XNYS,US,true
VIRT,XNYS,US,true
VRRM,XNYS,US,true
VRTS,XNYS,US,true
VSAT,XNYS,US,true
VSEC,XNYS,US,true
VSH,XNYS,US,true
VSNT,XNYS,US,true
VSTS,XNYS,US,true
VSXY,XNYS,US,true
VTOL,XNYS,US,true
VYX,XNYS,US,true
WABC,XNYS,US,true
WAFD,XNYS,US,true
WAY,XNYS,US,true
WD,XNYS,US,true
WDFC,XNYS,US,true
WEN,XNYS,US,true
WERN,XNYS,US,true
WGO,XNYS,US,true
WHD,XNYS,US,true
WINA,XNYS,US,true
WKC,XNYS,US,true
WLY,XNYS,US,true
WOR,XNYS,US,true
WRBY,XNYS,US,true
WRLD,XNYS,US,true
WS,XNYS,US,true
WSBC,XNYS,US,true
WSC,XNYS,US,true
WSFS,XNYS,US,true
WSR,XNYS,US,true
WT,XNYS,US,true
WU,XNYS,US,true
WWW,XNYS,US,true
XHR,XNYS,US,true
XNCR,XNYS,US,true
XPEL,XNYS,US,true
YELP,XNYS,US,true
YOU,XNYS,US,true
ZD,XNYS,US,true
ZWS,XNYS,US,true
MOD,XNYS,US,true
IGBT.UN,XTSE,CA,true
VNP,XTSE,CA,true
AW,XTSE,CA,true
ABXX,XTSE,CA,true
AAB,XTSE,CA,true
ABRA,XTSE,CA,true
ADN,XTSE,CA,true
ACD,XTSE,CA,true
ARA,XTSE,CA,true
ACX,XTSE,CA,true
ADCO,XTSE,CA,true
ADEN,XTSE,CA,true
DRX,XTSE,CA,true
ACT,XTSE,CA,true
AAV,XTSE,CA,true
ARE,XTSE,CA,true
AEG,XTSE,CA,true
AFN,XTSE,CA,true
AGF.B,XTSE,CA,true
AEM,XTSE,CA,true
AGTF,XTSE,CA,true
AIM,XTSE,CA,true
AC,XTSE,CA,true
BOS,XTSE,CA,true
AKT,XTSE,CA,true
AGI,XTSE,CA,true
ALC,XTSE,CA,true
ASTL,XTSE,CA,true
AQN,XTSE,CA,true
ATD,XTSE,CA,true
ALYA,XTSE,CA,true
ALK,XTSE,CA,true
AAUC,XTSE,CA,true
AP.UN,XTSE,CA,true
ALA,XTSE,CA,true
ALS,XTSE,CA,true
AIF,XTSE,CA,true
AMAP,XTSE,CA,true
USA,XTSE,CA,true
ARG,XTSE,CA,true
ANRG,XTSE,CA,true
APM,XTSE,CA,true
APLI,XTSE,CA,true
ARIS,XTSE,CA,true
ATZ,XTSE,CA,true
AMC,XTSE,CA,true
ARN,XTSE,CA,true
ACO.X,XTSE,CA,true
ATX,XTSE,CA,true
ATH,XTSE,CA,true
ATRL,XTSE,CA,true
AI,XTSE,CA,true
ATS,XTSE,CA,true
ACB,XTSE,CA,true
ACQ,XTSE,CA,true
APR.UN,XTSE,CA,true
XLY,XTSE,CA,true
AVL,XTSE,CA,true
AVNT,XTSE,CA,true
AVCN,XTSE,CA,true
ASM,XTSE,CA,true
AYA,XTSE,CA,true
BTO,XTSE,CA,true
BDGI,XTSE,CA,true
BLDP,XTSE,CA,true
BMO,XTSE,CA,true
BNS,XTSE,CA,true
ABX,XTSE,CA,true
BLCO,XTSE,CA,true
BHC,XTSE,CA,true
BYL,XTSE,CA,true
BTE,XTSE,CA,true
BCE,XTSE,CA,true
BEK.B,XTSE,CA,true
BSX,XTSE,CA,true
BNG,XTSE,CA,true
BOIL,XTSE,CA,true
BNK,XTSE,CA,true
PRM,XTSE,CA,true
BR,XTSE,CA,true
BIR,XTSE,CA,true
BCHT,XTSE,CA,true
BDT,XTSE,CA,true
BDI,XTSE,CA,true
BKI,XTSE,CA,true
BB,XTSE,CA,true
BGAU,XTSE,CA,true
BAMI,XTSE,CA,true
GBT,XTSE,CA,true
BEI.UN,XTSE,CA,true
BBD.A,XTSE,CA,true
BNE,XTSE,CA,true
BYD,XTSE,CA,true
BRAG,XTSE,CA,true
BRY,XTSE,CA,true
BCT,XTSE,CA,true
BRE,XTSE,CA,true
ESP,XTSE,CA,true
LCS,XTSE,CA,true
SBC,XTSE,CA,true
BAM,XTSE,CA,true
BBUC,XTSE,CA,true
BN,XTSE,CA,true
BIPC,XTSE,CA,true
BEPC,XTSE,CA,true
BNT,XTSE,CA,true
DOO,XTSE,CA,true
HOM.U,XTSE,CA,true
BNKR,XTSE,CA,true
BU,XTSE,CA,true
CADY,XTSE,CA,true
CAE,XTSE,CA,true
CWL,XTSE,CA,true
CFW,XTSE,CA,true
CGY,XTSE,CA,true
CCO,XTSE,CA,true
CF,XTSE,CA,true
GOOS,XTSE,CA,true
CPKR,XTSE,CA,true
CAR.UN,XTSE,CA,true
BK,XTSE,CA,true
CM,XTSE,CA,true
NPS,XTSE,CA,true
LFE,XTSE,CA,true
CNR,XTSE,CA,true
CNQ,XTSE,CA,true
CP,XTSE,CA,true
CU,XTSE,CA,true
CCM,XTSE,CA,true
CFP,XTSE,CA,true
ICE,XTSE,CA,true
LOVE,XTSE,CA,true
WEED,XTSE,CA,true
CAPG,XTSE,CA,true
CAPI,XTSE,CA,true
CAPM,XTSE,CA,true
CAPW,XTSE,CA,true
CPX,XTSE,CA,true
CS,XTSE,CA,true
CJ,XTSE,CA,true
CRDL,XTSE,CA,true
CRRX,XTSE,CA,true
CJT,XTSE,CA,true
CAS,XTSE,CA,true
CVVY,XTSE,CA,true
CCL.A,XTSE,CA,true
CLS,XTSE,CA,true
CEMX,XTSE,CA,true
CVE,XTSE,CA,true
CG,XTSE,CA,true
CEU,XTSE,CA,true
GIB.A,XTSE,CA,true
CIA,XTSE,CA,true
CSH.UN,XTSE,CA,true
CGG,XTSE,CA,true
CHP.UN,XTSE,CA,true
CHR,XTSE,CA,true
CGAA,XTSE,CA,true
CGDI,XTSE,CA,true
CINF,XTSE,CA,true
CGRA,XTSE,CA,true
CGRE,XTSE,CA,true
CGHY,XTSE,CA,true
CUIG,XTSE,CA,true
CSMD,XTSE,CA,true
CCNS,XTSE,CA,true
CCRE,XTSE,CA,true
CPLS,XTSE,CA,true
CGX,XTSE,CA,true
CPH,XTSE,CA,true
CVG,XTSE,CA,true
CKI,XTSE,CA,true
CLCH,XTSE,CA,true
CCA,XTSE,CA,true
CGO,XTSE,CA,true
CNL,XTSE,CA,true
CIGI,XTSE,CA,true
YCM,XTSE,CA,true
CMG,XTSE,CA,true
CDR,XTSE,CA,true
CFF,XTSE,CA,true
CSU,XTSE,CA,true
CTGO,XTSE,CA,true
COPR,XTSE,CA,true
CSW.A,XTSE,CA,true
CJR.B,XTSE,CA,true
CSCI,XTSE,CA,true
CVO,XTSE,CA,true
CRR.UN,XTSE,CA,true
CRON,XTSE,CA,true
CRT.UN,XTSE,CA,true
CHLT,XTSE,CA,true
CYB,XTSE,CA,true
DBO,XTSE,CA,true
DTOL,XTSE,CA,true
DCM,XTSE,CA,true
DFY,XTSE,CA,true
DML,XTSE,CA,true
DSG,XTSE,CA,true
DRFD,XTSE,CA,true
DXT,XTSE,CA,true
DRT,XTSE,CA,true
DSV,XTSE,CA,true
DIV,XTSE,CA,true
DFN,XTSE,CA,true
DF,XTSE,CA,true
DGS,XTSE,CA,true
DS,XTSE,CA,true
DCBO,XTSE,CA,true
DOL,XTSE,CA,true
DBM,XTSE,CA,true
DLCG,XTSE,CA,true
DII.A,XTSE,CA,true
DPM,XTSE,CA,true
DIR.UN,XTSE,CA,true
D.UN,XTSE,CA,true
DRM,XTSE,CA,true
DHT.U,XTSE,CA,true
DC.A,XTSE,CA,true
DND,XTSE,CA,true
DYA,XTSE,CA,true
DNG,XTSE,CA,true
ENS,XTSE,CA,true
ELF,XTSE,CA,true
EAGR,XTSE,CA,true
ELR,XTSE,CA,true
EVT,XTSE,CA,true
ECOR,XTSE,CA,true
ECO,XTSE,CA,true
EDCU,XTSE,CA,true
ELD,XTSE,CA,true
ELVA,XTSE,CA,true
EFN,XTSE,CA,true
ELE,XTSE,CA,true
ELO,XTSE,CA,true
EMA,XTSE,CA,true
EMP.A,XTSE,CA,true
ENB,XTSE,CA,true
EDV,XTSE,CA,true
EDR,XTSE,CA,true
EFX,XTSE,CA,true
EFR,XTSE,CA,true
ENGH,XTSE,CA,true
ESI,XTSE,CA,true
EGLX,XTSE,CA,true
ETG,XTSE,CA,true
EQB,XTSE,CA,true
EQX,XTSE,CA,true
ERD,XTSE,CA,true
ERO,XTSE,CA,true
EPRX,XTSE,CA,true
ESM,XTSE,CA,true
ET,XTSE,CA,true
E,XTSE,CA,true
EIF,XTSE,CA,true
XTC,XTSE,CA,true
EXE,XTSE,CA,true
FFH,XTSE,CA,true
FIH.U,XTSE,CA,true
FDY,XTSE,CA,true
FRX,XTSE,CA,true
FSZ,XTSE,CA,true
FTN,XTSE,CA,true
FTT,XTSE,CA,true
FTG,XTSE,CA,true
FFM,XTSE,CA,true
FC,XTSE,CA,true
FCD.UN,XTSE,CA,true
FCR.UN,XTSE,CA,true
AG,XTSE,CA,true
FF,XTSE,CA,true
FM,XTSE,CA,true
FSV,XTSE,CA,true
MHC.U,XTSE,CA,true
FLNT,XTSE,CA,true
FAR,XTSE,CA,true
FTS,XTSE,CA,true
FVI,XTSE,CA,true
FT,XTSE,CA,true
FNV,XTSE,CA,true
FVL,XTSE,CA,true
FRU,XTSE,CA,true
FEC,XTSE,CA,true
FURY,XTSE,CA,true
FMR,XTSE,CA,true
GMIN,XTSE,CA,true
GAU,XTSE,CA,true
GENM,XTSE,CA,true
GDC,XTSE,CA,true
GEO,XTSE,CA,true
WN,XTSE,CA,true
GFL,XTSE,CA,true
GEI,XTSE,CA,true
GIL,XTSE,CA,true
GVC,XTSE,CA,true
GLO,XTSE,CA,true
GDV,XTSE,CA,true
GEC,XTSE,CA,true
GMX,XTSE,CA,true
GO.U,XTSE,CA,true
GSY,XTSE,CA,true
GGD,XTSE,CA,true
GRC,XTSE,CA,true
AUMN,XTSE,CA,true
GOLD,XTSE,CA,true
XAU,XTSE,CA,true
GDL,XTSE,CA,true
GTE,XTSE,CA,true
GRT.UN,XTSE,CA,true
GWO,XTSE,CA,true
GFR,XTSE,CA,true
GFP,XTSE,CA,true
MOLY,XTSE,CA,true
GRN,XTSE,CA,true
GRGD,XTSE,CA,true
GCU,XTSE,CA,true
GURU,XTSE,CA,true
HR.UN,XTSE,CA,true
HAI,XTSE,CA,true
HMM.A,XTSE,CA,true
HPS.A,XTSE,CA,true
HWX,XTSE,CA,true
AIDX,XTSE,CA,true
HFPC.U,XTSE,CA,true
HBP,XTSE,CA,true
HMMC,XTSE,CA,true
HWO,XTSE,CA,true
HLF,XTSE,CA,true
HSLV,XTSE,CA,true
HIVE,XTSE,CA,true
HLS,XTSE,CA,true
HBM,XTSE,CA,true
HUT,XTSE,CA,true
H,XTSE,CA,true
IAU,XTSE,CA,true
ITIN,XTSE,CA,true
IAG,XTSE,CA,true
IWEB,XTSE,CA,true
IMG,XTSE,CA,true
IFA,XTSE,CA,true
IGM,XTSE,CA,true
ILLM,XTSE,CA,true
III,XTSE,CA,true
IMO,XTSE,CA,true
INC.UN,XTSE,CA,true
IS,XTSE,CA,true
INO.UN,XTSE,CA,true
IPO,XTSE,CA,true
IFC,XTSE,CA,true
IFP,XTSE,CA,true
IMP,XTSE,CA,true
IPCO,XTSE,CA,true
ITH,XTSE,CA,true
IVQ,XTSE,CA,true
ISO,XTSE,CA,true
IE,XTSE,CA,true
IVN,XTSE,CA,true
JAG,XTSE,CA,true
JWEL,XTSE,CA,true
JOY,XTSE,CA,true
KBL,XTSE,CA,true
KNT,XTSE,CA,true
KRN,XTSE,CA,true
KEEL,XTSE,CA,true
KLS,XTSE,CA,true
KEL,XTSE,CA,true
KEY,XTSE,CA,true
KMP.UN,XTSE,CA,true
KXS,XTSE,CA,true
K,XTSE,CA,true
KITS,XTSE,CA,true
GUD,XTSE,CA,true
KEI,XTSE,CA,true
KPT,XTSE,CA,true
LIF,XTSE,CA,true
LAM,XTSE,CA,true
LGO,XTSE,CA,true
LAS.A,XTSE,CA,true
LB,XTSE,CA,true
LNF,XTSE,CA,true
LGD,XTSE,CA,true
LBS,XTSE,CA,true
LSPD,XTSE,CA,true
LNR,XTSE,CA,true
LAC,XTSE,CA,true
LAR,XTSE,CA,true
L,XTSE,CA,true
LUC,XTSE,CA,true
LMCU,XTSE,CA,true
LUG,XTSE,CA,true
LUN,XTSE,CA,true
LUNR,XTSE,CA,true
LYCT,XTSE,CA,true
PBY,XTSE,CA,true
LYFR,XTSE,CA,true
XMF.A,XTSE,CA,true
MKZ.UN,XTSE,CA,true
MPC,XTSE,CA,true
MAL,XTSE,CA,true
MG,XTSE,CA,true
NICU,XTSE,CA,true
MEQ,XTSE,CA,true
MDI,XTSE,CA,true
MCAN,XTSE,CA,true
MFC,XTSE,CA,true
MFI,XTSE,CA,true
MARI,XTSE,CA,true
MRE,XTSE,CA,true
MATR,XTSE,CA,true
MXG,XTSE,CA,true
MKP,XTSE,CA,true
MCB,XTSE,CA,true
MUX,XTSE,CA,true
MDA,XTSE,CA,true
MDP,XTSE,CA,true
DR,XTSE,CA,true
MDNA,XTSE,CA,true
LABS,XTSE,CA,true
MGA,XTSE,CA,true
MRD,XTSE,CA,true
MER,XTSE,CA,true
MNO,XTSE,CA,true
MTEK,XTSE,CA,true
MX,XTSE,CA,true
MRU,XTSE,CA,true
MBX,XTSE,CA,true
MAEC,XTSE,CA,true
MIPC,XTSE,CA,true
MSV,XTSE,CA,true
MSA,XTSE,CA,true
MAI,XTSE,CA,true
TPX.A,XTSE,CA,true
MAU,XTSE,CA,true
MRC,XTSE,CA,true
MTY,XTSE,CA,true
MTL,XTSE,CA,true
NANO,XTSE,CA,true
GRA,XTSE,CA,true
NA,XTSE,CA,true
NEO,XTSE,CA,true
AIAI,XTSE,CA,true
NFGC,XTSE,CA,true
NUAG,XTSE,CA,true
NXE,XTSE,CA,true
NEXT,XTSE,CA,true
NXR.UN,XTSE,CA,true
NFI,XTSE,CA,true
GASX,XTSE,CA,true
NGEX,XTSE,CA,true
NOA,XTSE,CA,true
FFN,XTSE,CA,true
NWC,XTSE,CA,true
NCF,XTSE,CA,true
NDM,XTSE,CA,true
NPI,XTSE,CA,true
NRR.UN,XTSE,CA,true
NOU,XTSE,CA,true
NG,XTSE,CA,true
NVO,XTSE,CA,true
NTR,XTSE,CA,true
SFD,XTSE,CA,true
OBE,XTSE,CA,true
OGC,XTSE,CA,true
OLY,XTSE,CA,true
ONEX,XTSE,CA,true
OTEX,XTSE,CA,true
OR,XTSE,CA,true
OGD,XTSE,CA,true
ORE,XTSE,CA,true
OGI,XTSE,CA,true
ORIO,XTSE,CA,true
ORV,XTSE,CA,true
OM,XTSE,CA,true
OCG,XTSE,CA,true
OVV,XTSE,CA,true
PDN,XTSE,CA,true
PAAS,XTSE,CA,true
POU,XTSE,CA,true
PXT,XTSE,CA,true
PSI,XTSE,CA,true
PDI,XTSE,CA,true
PPL,XTSE,CA,true
PPTA,XTSE,CA,true
PRU,XTSE,CA,true
PET,XTSE,CA,true
TAL,XTSE,CA,true
PRQ,XTSE,CA,true
PEY,XTSE,CA,true
PCA,XTSE,CA,true
PHX,XTSE,CA,true
PCON,XTSE,CA,true
PCOR,XTSE,CA,true
PNE,XTSE,CA,true
PNP,XTSE,CA,true
PZA,XTSE,CA,true
PTM,XTSE,CA,true
PLZ.UN,XTSE,CA,true
PMET,XTSE,CA,true
PIF,XTSE,CA,true
PBL,XTSE,CA,true
PNC.A,XTSE,CA,true
PWI,XTSE,CA,true
POW,XTSE,CA,true
PWF.PF.A,XTSE,CA,true
PPR,XTSE,CA,true
PSK,XTSE,CA,true
MMP.UN,XTSE,CA,true
PD,XTSE,CA,true
PBH,XTSE,CA,true
PIC.A,XTSE,CA,true
PMZ.UN,XTSE,CA,true
PDV,XTSE,CA,true
PRN,XTSE,CA,true
PRL,XTSE,CA,true
PSD,XTSE,CA,true
CROC,XTSE,CA,true
IGB,XTSE,CA,true
PYR,XTSE,CA,true
QTRH,XTSE,CA,true
QBR.A,XTSE,CA,true
QRC,XTSE,CA,true
QEC,XTSE,CA,true
RS,XTSE,CA,true
REAL,XTSE,CA,true
QSR,XTSE,CA,true
QSP.UN,XTSE,CA,true
RVX,XTSE,CA,true
RFA,XTSE,CA,true
RIC,XTSE,CA,true
RCH,XTSE,CA,true
RIO,XTSE,CA,true
REI.UN,XTSE,CA,true
RGSI,XTSE,CA,true
RCI.A,XTSE,CA,true
RSI,XTSE,CA,true
ROOT,XTSE,CA,true
RM,XTSE,CA,true
RY,XTSE,CA,true
MNT,XTSE,CA,true
MNS,XTSE,CA,true
RTG,XTSE,CA,true
RUA,XTSE,CA,true
RBY,XTSE,CA,true
RUS,XTSE,CA,true
RIFI,XTSE,CA,true
RIGE,XTSE,CA,true
RIIN,XTSE,CA,true
RQCA,XTSE,CA,true
RQIN,XTSE,CA,true
RQUS,XTSE,CA,true
RIRA,XTSE,CA,true
SFC,XTSE,CA,true
SLT,XTSE,CA,true
STC,XTSE,CA,true
SCZ,XTSE,CA,true
SAP,XTSE,CA,true
MSCL,XTSE,CA,true
SOIL,XTSE,CA,true
SIS,XTSE,CA,true
SEA,XTSE,CA,true
PME,XTSE,CA,true
SEC,XTSE,CA,true
SBI,XTSE,CA,true
SVA,XTSE,CA,true
S,XTSE,CA,true
SHOP,XTSE,CA,true
SIA,XTSE,CA,true
ELEF,XTSE,CA,true
AGMR,XTSE,CA,true
SLVR,XTSE,CA,true
SVM,XTSE,CA,true
SKE,XTSE,CA,true
SGR.U,XTSE,CA,true
SRU.UN,XTSE,CA,true
SGD,XTSE,CA,true
SLS,XTSE,CA,true
SLR,XTSE,CA,true
SFI,XTSE,CA,true
SHLE,XTSE,CA,true
SOBO,XTSE,CA,true
SXGC,XTSE,CA,true
SDE,XTSE,CA,true
EDT,XTSE,CA,true
TOY,XTSE,CA,true
SII,XTSE,CA,true
COP.U,XTSE,CA,true
CEF,XTSE,CA,true
PHYS,XTSE,CA,true
SPPP,XTSE,CA,true
PSLV,XTSE,CA,true
U.U,XTSE,CA,true
SSRM,XTSE,CA,true
SAU,XTSE,CA,true
STCK,XTSE,CA,true
STN,XTSE,CA,true
DIAM,XTSE,CA,true
SAM,XTSE,CA,true
SJ,XTSE,CA,true
STGO,XTSE,CA,true
RAY,XTSE,CA,true
STLR,XTSE,CA,true
SVI,XTSE,CA,true
STG,XTSE,CA,true
SCR,XTSE,CA,true
SLCA,XTSE,CA,true
SLSC,XTSE,CA,true
SLF,XTSE,CA,true
SU,XTSE,CA,true
SPB,XTSE,CA,true
SXP,XTSE,CA,true
SGY,XTSE,CA,true
SWP,XTSE,CA,true
SYZ,XTSE,CA,true
TBL,XTSE,CA,true
TALA,XTSE,CA,true
TSK,XTSE,CA,true
TLO,XTSE,CA,true
TVE,XTSE,CA,true
GRID,XTSE,CA,true
TRP,XTSE,CA,true
TCOM,XTSE,CA,true
XTD,XTSE,CA,true
TECK.A,XTSE,CA,true
TCS,XTSE,CA,true
TSAT,XTSE,CA,true
T,XTSE,CA,true
TELY,XTSE,CA,true
TNZ,XTSE,CA,true
TGO,XTSE,CA,true
TSND,XTSE,CA,true
TVK,XTSE,CA,true
TFII,XTSE,CA,true
THNC,XTSE,CA,true
TRI,XTSE,CA,true
TWM,XTSE,CA,true
LCFS,XTSE,CA,true
TF,XTSE,CA,true
TINY,XTSE,CA,true
TI,XTSE,CA,true
X,XTSE,CA,true
TPZ,XTSE,CA,true
TXG,XTSE,CA,true
TIH,XTSE,CA,true
TD,XTSE,CA,true
TOT,XTSE,CA,true
TXP,XTSE,CA,true
TOU,XTSE,CA,true
TA,XTSE,CA,true
TRZ,XTSE,CA,true
TCL.A,XTSE,CA,true
TSL,XTSE,CA,true
TKO,XTSE,CA,true
TCW,XTSE,CA,true
TMQ,XTSE,CA,true
TFPM,XTSE,CA,true
TSU,XTSE,CA,true
TLG,XTSE,CA,true
TERP,XTSE,CA,true
TNT.UN,XTSE,CA,true
TRX,XTSE,CA,true
TC,XTSE,CA,true
TVA.B,XTSE,CA,true
TWC,XTSE,CA,true
UNI,XTSE,CA,true
UNC,XTSE,CA,true
URE,XTSE,CA,true
URB,XTSE,CA,true
FTU,XTSE,CA,true
VLE,XTSE,CA,true
VGC,XTSE,CA,true
VCM,XTSE,CA,true
VLN,XTSE,CA,true
NPK,XTSE,CA,true
VET,XTSE,CA,true
VBNK,XTSE,CA,true
VMET,XTSE,CA,true
FORA,XTSE,CA,true
VRTS,XTSE,CA,true
VGZ,XTSE,CA,true
VHI,XTSE,CA,true
VZLA,XTSE,CA,true
FLT,XTSE,CA,true
VOXR,XTSE,CA,true
WJX,XTSE,CA,true
WFC,XTSE,CA,true
WM,XTSE,CA,true
WELL,XTSE,CA,true
WDO,XTSE,CA,true
WFG,XTSE,CA,true
WRN,XTSE,CA,true
WRG,XTSE,CA,true
WEF,XTSE,CA,true
WGX,XTSE,CA,true
WPRT,XTSE,CA,true
WTE,XTSE,CA,true
WPM,XTSE,CA,true
WCP,XTSE,CA,true
WILD,XTSE,CA,true
WCM.A,XTSE,CA,true
WPK,XTSE,CA,true
WSP,XTSE,CA,true
XNDU,XTSE,CA,true
XTG,XTSE,CA,true
XTRA,XTSE,CA,true
YGR,XTSE,CA,true
Y,XTSE,CA,true
YRB,XTSE,CA,true
ONE,XTSX,CA,true
EFF,XTSX,CA,true
AUMB,XTSX,CA,true
FNR,XTSX,CA,true
ACL,XTSX,CA,true
AIS,XTSX,CA,true
AUAU,XTSX,CA,true
AME,XTSX,CA,true
ABA,XTSX,CA,true
ABI,XTSX,CA,true
ABM,XTSX,CA,true
ABC,XTSX,CA,true
ACDC,XTSX,CA,true
AXE,XTSX,CA,true
ADZ,XTSX,CA,true
ADE,XTSX,CA,true
AWI,XTSX,CA,true
ADY,XTSX,CA,true
AEF,XTSX,CA,true
ALTN,XTSX,CA,true
AFE,XTSX,CA,true
AAG,XTSX,CA,true
AGET,XTSX,CA,true
AUTO,XTSX,CA,true
AIVC,XTSX,CA,true
IQ,XTSX,CA,true
AISX,XTSX,CA,true
AML,XTSX,CA,true
AEMC,XTSX,CA,true
WAM,XTSX,CA,true
ALCH,XTSX,CA,true
ALDE,XTSX,CA,true
ALX,XTSX,CA,true
ALGR,XTSX,CA,true
ALM,XTSX,CA,true
AMM,XTSX,CA,true
DEX,XTSX,CA,true
AORO,XTSX,CA,true
ALEX,XTSX,CA,true
AFM,XTSX,CA,true
GPUS,XTSX,CA,true
AVX,XTSX,CA,true
ALTA,XTSX,CA,true
APN,XTSX,CA,true
ALTU,XTSX,CA,true
ALT,XTSX,CA,true
AUUA,XTSX,CA,true
ALV,XTSX,CA,true
ALZI,XTSX,CA,true
AHR,XTSX,CA,true
AE,XTSX,CA,true
LI,XTSX,CA,true
TUNG,XTSX,CA,true
AMCO,XTSX,CA,true
AMT,XTSX,CA,true
AMX,XTSX,CA,true
ANDC,XTSX,CA,true
AEC,XTSX,CA,true
AWM,XTSX,CA,true
ANK,XTSX,CA,true
ANOR,XTSX,CA,true
ANTL,XTSX,CA,true
APX,XTSX,CA,true
APMI,XTSX,CA,true
APGO,XTSX,CA,true
APL,XTSX,CA,true
ABR,XTSX,CA,true
ARO,XTSX,CA,true
ARCH,XTSX,CA,true
ACS,XTSX,CA,true
AWX,XTSX,CA,true
AGAG,XTSX,CA,true
LIT,XTSX,CA,true
VLLC,XTSX,CA,true
ASL,XTSX,CA,true
ARGH,XTSX,CA,true
DAN,XTSX,CA,true
AZEM,XTSX,CA,true
AZS,XTSX,CA,true
ARK,XTSX,CA,true
AXL,XTSX,CA,true
ARTG,XTSX,CA,true
RBZ,XTSX,CA,true
ASE,XTSX,CA,true
ABZ,XTSX,CA,true
SAT,XTSX,CA,true
ATOI,XTSX,CA,true
BAY,XTSX,CA,true
ASTR,XTSX,CA,true
AST,XTSX,CA,true
SASK,XTSX,CA,true
ATY,XTSX,CA,true
ATLE,XTSX,CA,true
AEP,XTSX,CA,true
SALT,XTSX,CA,true
ATOM,XTSX,CA,true
AAN,XTSX,CA,true
AUGC,XTSX,CA,true
AUM,XTSX,CA,true
AUQ,XTSX,CA,true
ARU,XTSX,CA,true
AURA,XTSX,CA,true
RES,XTSX,CA,true
AUME,XTSX,CA,true
AURO,XTSX,CA,true
ACU,XTSX,CA,true
ASG,XTSX,CA,true
ARL,XTSX,CA,true
AGLD,XTSX,CA,true
XX,XTSX,CA,true
AVN,XTSX,CA,true
AVR,XTSX,CA,true
AVTS,XTSX,CA,true
AVG,XTSX,CA,true
AVCR,XTSX,CA,true
AVU,XTSX,CA,true
ARIC,XTSX,CA,true
AXO,XTSX,CA,true
AZR,XTSX,CA,true
AZM,XTSX,CA,true
AAZ,XTSX,CA,true
AZT,XTSX,CA,true
BLDS,XTSX,CA,true
BYN,XTSX,CA,true
BRO,XTSX,CA,true
BARU,XTSX,CA,true
BAT,XTSX,CA,true
BMV,XTSX,CA,true
BMR,XTSX,CA,true
BHS,XTSX,CA,true
BM,XTSX,CA,true
B,XTSX,CA,true
BECN,XTSX,CA,true
BGF,XTSX,CA,true
BFM,XTSX,CA,true
BCU,XTSX,CA,true
BEA,XTSX,CA,true
BEX,XTSX,CA,true
BZ,XTSX,CA,true
BST,XTSX,CA,true
BEW,XTSX,CA,true
BEAR,XTSX,CA,true
BRAU,XTSX,CA,true
BIGT,XTSX,CA,true
BRM,XTSX,CA,true
RX,XTSX,CA,true
BTCT,XTSX,CA,true
BTCW,XTSX,CA,true
BTT,XTSX,CA,true
BMM,XTSX,CA,true
BPR,XTSX,CA,true
BARK,XTSX,CA,true
SWAN,XTSX,CA,true
BRC,XTSX,CA,true
BAG,XTSX,CA,true
BITK,XTSX,CA,true
MATE,XTSX,CA,true
BKMT,XTSX,CA,true
JAY,XTSX,CA,true
MOON,XTSX,CA,true
BSK,XTSX,CA,true
BAU,XTSX,CA,true
BLU,XTSX,CA,true
BLM,XTSX,CA,true
BWLK,XTSX,CA,true
BOCA,XTSX,CA,true
BOL,XTSX,CA,true
BNZ,XTSX,CA,true
BTR,XTSX,CA,true
BOGO,XTSX,CA,true
BONE,XTSX,CA,true
BPAG,XTSX,CA,true
BQE,XTSX,CA,true
BES,XTSX,CA,true
BEM,XTSX,CA,true
BVA,XTSX,CA,true
BRVO,XTSX,CA,true
BBB,XTSX,CA,true
BRON,XTSX,CA,true
BRW,XTSX,CA,true
BTU,XTSX,CA,true
BUFF,XTSX,CA,true
BILD,XTSX,CA,true
BCF,XTSX,CA,true
ZLTO,XTSX,CA,true
FROG,XTSX,CA,true
BGD,XTSX,CA,true
BWR,XTSX,CA,true
CMI,XTSX,CA,true
CCCM,XTSX,CA,true
CBR,XTSX,CA,true
CNO,XTSX,CA,true
CAMB,XTSX,CA,true
COR,XTSX,CA,true
CNC,XTSX,CA,true
CONE,XTSX,CA,true
CCMI,XTSX,CA,true
CAN,XTSX,CA,true
CGM,XTSX,CA,true
NET.UN,XTSX,CA,true
CNRI,XTSX,CA,true
CPS,XTSX,CA,true
SPI,XTSX,CA,true
CAF,XTSX,CA,true
CVV,XTSX,CA,true
CEC,XTSX,CA,true
CLZ,XTSX,CA,true
CCEC,XTSX,CA,true
CANX,XTSX,CA,true
CLV,XTSX,CA,true
WPR,XTSX,CA,true
CSOC.A,XTSX,CA,true
ROX,XTSX,CA,true
CTM,XTSX,CA,true
CD,XTSX,CA,true
CDA,XTSX,CA,true
CYF,XTSX,CA,true
CMIL,XTSX,CA,true
CAI,XTSX,CA,true
CAPT,XTSX,CA,true
CRB,XTSX,CA,true
CGD,XTSX,CA,true
CPI,XTSX,CA,true
RUSH,XTSX,CA,true
CCDS,XTSX,CA,true
ECR,XTSX,CA,true
CASA,XTSX,CA,true
CCD,XTSX,CA,true
CAM,XTSX,CA,true
GLDC,XTSX,CA,true
CATX,XTSX,CA,true
CBLT,XTSX,CA,true
CENT,XTSX,CA,true
CTA,XTSX,CA,true
CIO,XTSX,CA,true
CTN,XTSX,CA,true
LCE,XTSX,CA,true
CERT,XTSX,CA,true
CDPR,XTSX,CA,true
CFY,XTSX,CA,true
OYL,XTSX,CA,true
PERU,XTSX,CA,true
CBA,XTSX,CA,true
YES,XTSX,CA,true
CH,XTSX,CA,true
CHER,XTSX,CA,true
CKG,XTSX,CA,true
CBG,XTSX,CA,true
CMCG,XTSX,CA,true
CRI,XTSX,CA,true
CMC,XTSX,CA,true
AIR,XTSX,CA,true
TRAN,XTSX,CA,true
CSX,XTSX,CA,true
CTV,XTSX,CA,true
CTEK,XTSX,CA,true
CBLU,XTSX,CA,true
CZZ,XTSX,CA,true
CLIP,XTSX,CA,true
COCO,XTSX,CA,true
CEI,XTSX,CA,true
CBI,XTSX,CA,true
CAD,XTSX,CA,true
CLUS,XTSX,CA,true
TIE,XTSX,CA,true
CMU,XTSX,CA,true
CLIC,XTSX,CA,true
CVB,XTSX,CA,true
CAG,XTSX,CA,true
CHS,XTSX,CA,true
CNVI,XTSX,CA,true
CN,XTSX,CA,true
COS,XTSX,CA,true
CQR,XTSX,CA,true
FFP,XTSX,CA,true
CNS,XTSX,CA,true
CPAU,XTSX,CA,true
CUU,XTSX,CA,true
CGNT,XTSX,CA,true
CPL,XTSX,CA,true
CRD,XTSX,CA,true
CPER,XTSX,CA,true
CUEX,XTSX,CA,true
CDB,XTSX,CA,true
CCMC,XTSX,CA,true
COSA,XTSX,CA,true
CSG,XTSX,CA,true
CTH,XTSX,CA,true
COV,XTSX,CA,true
CCMM,XTSX,CA,true
CEQ,XTSX,CA,true
CRE,XTSX,CA,true
CRG,XTSX,CA,true
CRWN,XTSX,CA,true
CSTR,XTSX,CA,true
CLCO,XTSX,CA,true
CVW,XTSX,CA,true
CYG,XTSX,CA,true
CYM,XTSX,CA,true
DTWO,XTSX,CA,true
DAR,XTSX,CA,true
DGC,XTSX,CA,true
DTEA,XTSX,CA,true
DEC,XTSX,CA,true
DB,XTSX,CA,true
WCSB,XTSX,CA,true
DE,XTSX,CA,true
DEFN,XTSX,CA,true
DEF,XTSX,CA,true
DFSC,XTSX,CA,true
DHB,XTSX,CA,true
DELX,XTSX,CA,true
DLTA,XTSX,CA,true
DAU,XTSX,CA,true
DME,XTSX,CA,true
DSY,XTSX,CA,true
GSD,XTSX,CA,true
DFR,XTSX,CA,true
ADK,XTSX,CA,true
DWS,XTSX,CA,true
DNO,XTSX,CA,true
DOS,XTSX,CA,true
DCY,XTSX,CA,true
DCOP,XTSX,CA,true
DMX,XTSX,CA,true
DLC,XTSX,CA,true
DLP,XTSX,CA,true
DMGI,XTSX,CA,true
DMCU,XTSX,CA,true
DBG,XTSX,CA,true
DPF,XTSX,CA,true
DRY,XTSX,CA,true
DYG,XTSX,CA,true
ETL,XTSX,CA,true
EPL,XTSX,CA,true
SPOT,XTSX,CA,true
EWK,XTSX,CA,true
EAM,XTSX,CA,true
EW,XTSX,CA,true
ETF,XTSX,CA,true
EVI,XTSX,CA,true
EBM,XTSX,CA,true
EOG,XTSX,CA,true
EDY,XTSX,CA,true
CTRL,XTSX,CA,true
YFI,XTSX,CA,true
EDDY,XTSX,CA,true
EDM,XTSX,CA,true
EGLT,XTSX,CA,true
EGR,XTSX,CA,true
ERA,XTSX,CA,true
ELBM,XTSX,CA,true
EML,XTSX,CA,true
ELEC,XTSX,CA,true
ECU,XTSX,CA,true
ELM,XTSX,CA,true
SERV,XTSX,CA,true
ELC,XTSX,CA,true
ECOM,XTSX,CA,true
EMR,XTSX,CA,true
EMO,XTSX,CA,true
EMNT,XTSX,CA,true
EMPR,XTSX,CA,true
ENA,XTSX,CA,true
EU,XTSX,CA,true
EDG,XTSX,CA,true
ENDR,XTSX,CA,true
ENEV,XTSX,CA,true
EAU,XTSX,CA,true
EGM,XTSX,CA,true
ENW,XTSX,CA,true
EQ,XTSX,CA,true
EQTY,XTSX,CA,true
NOVA,XTSX,CA,true
ERDA,XTSX,CA,true
EM,XTSX,CA,true
ESBL,XTSX,CA,true
ESK,XTSX,CA,true
ESXR,XTSX,CA,true
EMN,XTSX,CA,true
EOX,XTSX,CA,true
EVNI,XTSX,CA,true
EVNT,XTSX,CA,true
EVGN,XTSX,CA,true
EVER,XTSX,CA,true
EK,XTSX,CA,true
EPF,XTSX,CA,true
EXCL,XTSX,CA,true
EXN,XTSX,CA,true
EXG,XTSX,CA,true
FUU,XTSX,CA,true
FFU,XTSX,CA,true
FBF,XTSX,CA,true
FAIR,XTSX,CA,true
FPC,XTSX,CA,true
FLCN,XTSX,CA,true
FG,XTSX,CA,true
FCLX,XTSX,CA,true
FHR,XTSX,CA,true
FMN,XTSX,CA,true
FDI,XTSX,CA,true
FINX,XTSX,CA,true
FYL,XTSX,CA,true
FTEC,XTSX,CA,true
FFOX,XTSX,CA,true
FWZ,XTSX,CA,true
FCA.U,XTSX,CA,true
FAS,XTSX,CA,true
FAN,XTSX,CA,true
FCI,XTSX,CA,true
HELI,XTSX,CA,true
FHYD,XTSX,CA,true
FTZ,XTSX,CA,true
FEX,XTSX,CA,true
FOBI,XTSX,CA,true
FMS,XTSX,CA,true
FTJ,XTSX,CA,true
FORT,XTSX,CA,true
FOR,XTSX,CA,true
FWTC,XTSX,CA,true
FDR,XTSX,CA,true
FA,XTSX,CA,true
FOXT,XTSX,CA,true
FP,XTSX,CA,true
FPX,XTSX,CA,true
FRED,XTSX,CA,true
FMAN,XTSX,CA,true
FRI,XTSX,CA,true
FREQ,XTSX,CA,true
FRNT,XTSX,CA,true
FL,XTSX,CA,true
NHHH,XTSX,CA,true
FMM,XTSX,CA,true
FUSE,XTSX,CA,true
FTUR,XTSX,CA,true
LITT,XTSX,CA,true
GBU,XTSX,CA,true
GGAU,XTSX,CA,true
GAL,XTSX,CA,true
GGO,XTSX,CA,true
GRI,XTSX,CA,true
GWM,XTSX,CA,true
GAMA,XTSX,CA,true
GGI,XTSX,CA,true
GSI,XTSX,CA,true
GKO,XTSX,CA,true
BEEP,XTSX,CA,true
GEMG,XTSX,CA,true
GENX,XTSX,CA,true
GSP,XTSX,CA,true
GMA,XTSX,CA,true
GTC,XTSX,CA,true
GFG,XTSX,CA,true
GGL,XTSX,CA,true
GGX,XTSX,CA,true
GIGA,XTSX,CA,true
GOK,XTSX,CA,true
EMM,XTSX,CA,true
GLAD,XTSX,CA,true
GBML,XTSX,CA,true
CUCU,XTSX,CA,true
GEMC,XTSX,CA,true
PWER,XTSX,CA,true
GMV,XTSX,CA,true
GG,XTSX,CA,true
GLD,XTSX,CA,true
HART,XTSX,CA,true
GRZ,XTSX,CA,true
GST,XTSX,CA,true
GSR,XTSX,CA,true
YGT,XTSX,CA,true
AUXX,XTSX,CA,true
GLB,XTSX,CA,true
GCN,XTSX,CA,true
GRG,XTSX,CA,true
AUX,XTSX,CA,true
GNG,XTSX,CA,true
GDP,XTSX,CA,true
GLDN,XTSX,CA,true
AUEN,XTSX,CA,true
GCV,XTSX,CA,true
GERA,XTSX,CA,true
GORO,XTSX,CA,true
GHL,XTSX,CA,true
INXS,XTSX,CA,true
GQC,XTSX,CA,true
GSKR,XTSX,CA,true
GSTM,XTSX,CA,true
GOT,XTSX,CA,true
GOOD,XTSX,CA,true
GSS,XTSX,CA,true
GPM,XTSX,CA,true
GRSL,XTSX,CA,true
GFTA,XTSX,CA,true
GGM,XTSX,CA,true
GPG,XTSX,CA,true
GEL,XTSX,CA,true
GMG,XTSX,CA,true
GPH,XTSX,CA,true
GR,XTSX,CA,true
GPAC,XTSX,CA,true
GPS,XTSX,CA,true
GCUC,XTSX,CA,true
GRF,XTSX,CA,true
GCOM,XTSX,CA,true
GRB,XTSX,CA,true
VGN,XTSX,CA,true
GHRT,XTSX,CA,true
GRL,XTSX,CA,true
WOLF,XTSX,CA,true
CELL,XTSX,CA,true
GRDM,XTSX,CA,true
FIN,XTSX,CA,true
GZD,XTSX,CA,true
GVR,XTSX,CA,true
GRD,XTSX,CA,true
ZNG,XTSX,CA,true
GSPR,XTSX,CA,true
GT,XTSX,CA,true
GSVR,XTSX,CA,true
GX,XTSX,CA,true
GUF,XTSX,CA,true
GUN,XTSX,CA,true
HPM,XTSX,CA,true
HMT,XTSX,CA,true
HFC,XTSX,CA,true
HAN,XTSX,CA,true
HANS,XTSX,CA,true
HAR,XTSX,CA,true
HVG,XTSX,CA,true
HAWK,XTSX,CA,true
HAY,XTSX,CA,true
HSTR,XTSX,CA,true
HEVI,XTSX,CA,true
HHH,XTSX,CA,true
HME,XTSX,CA,true
HEM,XTSX,CA,true
BIG,XTSX,CA,true
HOH,XTSX,CA,true
HITI,XTSX,CA,true
HI,XTSX,CA,true
HWY,XTSX,CA,true
HAM,XTSX,CA,true
ESPN,XTSX,CA,true
SHL,XTSX,CA,true
HLU,XTSX,CA,true
HMR,XTSX,CA,true
TUF,XTSX,CA,true
HPL,XTSX,CA,true
HCH,XTSX,CA,true
HPQ,XTSX,CA,true
HIDE,XTSX,CA,true
NURS,XTSX,CA,true
HC,XTSX,CA,true
IB,XTSX,CA,true
ICGH,XTSX,CA,true
ICRS,XTSX,CA,true
ICM,XTSX,CA,true
IDEX,XTSX,CA,true
IRI,XTSX,CA,true
ILC,XTSX,CA,true
UVC,XTSX,CA,true
ILI,XTSX,CA,true
IDL,XTSX,CA,true
IMR,XTSX,CA,true
IMPT,XTSX,CA,true
IPT,XTSX,CA,true
IEI,XTSX,CA,true
IGO,XTSX,CA,true
INEO,XTSX,CA,true
IN,XTSX,CA,true
INFM,XTSX,CA,true
INFI,XTSX,CA,true
IOT,XTSX,CA,true
MINE,XTSX,CA,true
ISGI,XTSX,CA,true
ITR,XTSX,CA,true
IRO,XTSX,CA,true
IBAT,XTSX,CA,true
IFR,XTSX,CA,true
IMM,XTSX,CA,true
IPD,XTSX,CA,true
IZZ,XTSX,CA,true
INX,XTSX,CA,true
INTR,XTSX,CA,true
IVX,XTSX,CA,true
IVS,XTSX,CA,true
IZN,XTSX,CA,true
INIK,XTSX,CA,true
IMI,XTSX,CA,true
IRR,XTSX,CA,true
IFOS,XTSX,CA,true
JTWO,XTSX,CA,true
JJJJ,XTSX,CA,true
JJ,XTSX,CA,true
JADE,XTSX,CA,true
JG,XTSX,CA,true
JSPX,XTSX,CA,true
JDN,XTSX,CA,true
JTC,XTSX,CA,true
JEV,XTSX,CA,true
JUGR,XTSX,CA,true
JUN.A,XTSX,CA,true
JEC,XTSX,CA,true
JZR,XTSX,CA,true
KTO,XTSX,CA,true
KDSX,XTSX,CA,true
KIRO,XTSX,CA,true
KALO,XTSX,CA,true
KNE,XTSX,CA,true
KAPA,XTSX,CA,true
KDA,XTSX,CA,true
KEEK,XTSX,CA,true
KLD,XTSX,CA,true
KGC,XTSX,CA,true
KIB,XTSX,CA,true
KDOZ,XTSX,CA,true
KCC,XTSX,CA,true
KCP,XTSX,CA,true
KFR,XTSX,CA,true
KGS,XTSX,CA,true
KNG,XTSX,CA,true
KIP,XTSX,CA,true
KLDC,XTSX,CA,true
KG,XTSX,CA,true
KS,XTSX,CA,true
KRI,XTSX,CA,true
KDK,XTSX,CA,true
KTRI,XTSX,CA,true
KTN,XTSX,CA,true
KORE,XTSX,CA,true
KRY,XTSX,CA,true
KOVO,XTSX,CA,true
PNG,XTSX,CA,true
KBRA,XTSX,CA,true
KC,XTSX,CA,true
LAB,XTSX,CA,true
LTX,XTSX,CA,true
LG,XTSX,CA,true
LVG,XTSX,CA,true
LWR,XTSX,CA,true
LRA,XTSX,CA,true
VAND,XTSX,CA,true
LALI,XTSX,CA,true
LXE,XTSX,CA,true
LMS,XTSX,CA,true
LME,XTSX,CA,true
LGC,XTSX,CA,true
LEM,XTSX,CA,true
LEGY,XTSX,CA,true
LPS,XTSX,CA,true
LTV,XTSX,CA,true
LVX,XTSX,CA,true
LIFT,XTSX,CA,true
LIB,XTSX,CA,true
LFST,XTSX,CA,true
LTNG,XTSX,CA,true
LMG,XTSX,CA,true
LIO,XTSX,CA,true
ROAR,XTSX,CA,true
LBI,XTSX,CA,true
LAF,XTSX,CA,true
LITH,XTSX,CA,true
LTH,XTSX,CA,true
LBNK,XTSX,CA,true
LOD,XTSX,CA,true
LSTR,XTSX,CA,true
LGN,XTSX,CA,true
LMR,XTSX,CA,true
LA,XTSX,CA,true
LTC,XTSX,CA,true
LQWD,XTSX,CA,true
LSL,XTSX,CA,true
LUCA,XTSX,CA,true
LMN,XTSX,CA,true
LPK,XTSX,CA,true
LXM,XTSX,CA,true
LUXR,XTSX,CA,true
LCX,XTSX,CA,true
MT,XTSX,CA,true
MACK,XTSX,CA,true
MDM,XTSX,CA,true
MGMA,XTSX,CA,true
MTT,XTSX,CA,true
MJS,XTSX,CA,true
MKO,XTSX,CA,true
MTH,XTSX,CA,true
MN,XTSX,CA,true
MANU,XTSX,CA,true
MGM,XTSX,CA,true
MAP,XTSX,CA,true
ALFA.UN,XTSX,CA,true
MAH,XTSX,CA,true
MTLO,XTSX,CA,true
MRVL,XTSX,CA,true
MAR.UN,XTSX,CA,true
MASS,XTSX,CA,true
MATA,XTSX,CA,true
MAX,XTSX,CA,true
MFG,XTSX,CA,true
MCS,XTSX,CA,true
MCF,XTSX,CA,true
MPH,XTSX,CA,true
MIR,XTSX,CA,true
MDX,XTSX,CA,true
MKR,XTSX,CA,true
MENE,XTSX,CA,true
MUSH,XTSX,CA,true
MERG,XTSX,CA,true
MLO,XTSX,CA,true
MTX,XTSX,CA,true
MTA,XTSX,CA,true
MMG,XTSX,CA,true
MTS,XTSX,CA,true
MET,XTSX,CA,true
MQM,XTSX,CA,true
MEK,XTSX,CA,true
DDD,XTSX,CA,true
MMET,XTSX,CA,true
MD,XTSX,CA,true
MMA,XTSX,CA,true
MIVO,XTSX,CA,true
MLP,XTSX,CA,true
MSC,XTSX,CA,true
MIM,XTSX,CA,true
MGG,XTSX,CA,true
MMM,XTSX,CA,true
MHUB,XTSX,CA,true
MNLX,XTSX,CA,true
MINK,XTSX,CA,true
MCI,XTSX,CA,true
MSR,XTSX,CA,true
MRZ,XTSX,CA,true
MSG,XTSX,CA,true
MKA,XTSX,CA,true
MBO,XTSX,CA,true
MOG,XTSX,CA,true
MOGL,XTSX,CA,true
MRZL,XTSX,CA,true
MON,XTSX,CA,true
MMY,XTSX,CA,true
MNRG,XTSX,CA,true
MOO,XTSX,CA,true
MOX,XTSX,CA,true
MCC,XTSX,CA,true
MUN,XTSX,CA,true
MUR,XTSX,CA,true
MMX,XTSX,CA,true
MGRO,XTSX,CA,true
NAIA,XTSX,CA,true
NMI,XTSX,CA,true
CTZ,XTSX,CA,true
NSCI,XTSX,CA,true
NAP,XTSX,CA,true
NRC,XTSX,CA,true
NAV,XTSX,CA,true
NBM,XTSX,CA,true
NTX,XTSX,CA,true
NDA,XTSX,CA,true
NTE,XTSX,CA,true
NPTH,XTSX,CA,true
NTLX,XTSX,CA,true
NKG,XTSX,CA,true
NVLH,XTSX,CA,true
NEV,XTSX,CA,true
NAU,XTSX,CA,true
NAM,XTSX,CA,true
NED,XTSX,CA,true
ENRG,XTSX,CA,true
NSE,XTSX,CA,true
NTB,XTSX,CA,true
NZ,XTSX,CA,true
NCAU,XTSX,CA,true
NWX,XTSX,CA,true
NEXE,XTSX,CA,true
NXG,XTSX,CA,true
NEXG,XTSX,CA,true
NXLV,XTSX,CA,true
NEXM,XTSX,CA,true
NXH,XTSX,CA,true
NPV,XTSX,CA,true
NXS,XTSX,CA,true
NICE,XTSX,CA,true
NICN,XTSX,CA,true
NKL,XTSX,CA,true
NCP,XTSX,CA,true
NNX,XTSX,CA,true
NIM,XTSX,CA,true
NIO,XTSX,CA,true
NBY,XTSX,CA,true
SUN,XTSX,CA,true
APTX,XTSE,CA,true
